"1","一个陌生女人的来信","10-12岁","10-12岁"
"2","觉醒","10-12岁","10-12岁"
"3","小城畸人","10-12岁","10-12岁"
"4","都柏林人","10-12岁","10-12岁"
"5","鲁滨孙漂流记","10-12岁","10-12岁"
"6","走投无路","10-12岁","10-12岁"
"7","水仙号上的黑鬼","10-12岁","10-12岁"
"8","苹果树","7-9岁","7-9岁"
"9","劝导","10-12岁","10-12岁"
"10","鼠疫","10-12岁","10-12岁"
"11","简 爱"
"12","远大前程","10-12岁","10-12岁"
"13","雾都孤儿","10-12岁","10-12岁"
"14","了不起的盖茨比","10-12岁","10-12岁"
"15","戴西 米勒"
"16","伊凡 伊里奇之死"
"17","童年","10-12岁","10-12岁"
"18","吝啬鬼","10-12岁","10-12岁"
"19","卡门","10-12岁","10-12岁"
"20","科隆巴","10-12岁","10-12岁"
"21","双重人格","10-12岁","10-12岁"
"22","黑郁金香","10-12岁","10-12岁"
"23","变形记","10-12岁","10-12岁"
"24","秘密花园","7-9岁","7-9岁"
"25","教师","10-12岁","10-12岁"
"26","地下城","7-9岁","7-9岁"
"27","神秘岛","7-9岁","7-9岁"
"28","从地球到月球","7-9岁","7-9岁"
"29","水晶蛋","7-9岁","7-9岁"
"30","新型加速剂","10-12岁","10-12岁"
"31","时光机器","10-12岁","10-12岁"
"32","三人同舟","10-12岁","10-12岁"
"33","懒人闲思录","10-12岁","10-12岁"
"34","海浪","10-12岁","10-12岁"
"35","小人物日记","10-12岁","10-12岁"
"36","雅各布哥哥","10-12岁","10-12岁"
"37","卡特里奥娜","10-12岁","10-12岁"
"38","金银岛","10-12岁","10-12岁"
"39","英国的文艺复兴","10-12岁","10-12岁"
"40","石榴屋童话集","7-9岁","7-9岁"
"41","平凡人和他的妻子","10-12岁","10-12岁"
"42","悠游度过一天的24小时","10-12岁","10-12岁"
"43","寻找精神家园","10-12岁","10-12岁"
"44","琐事集","10-12岁","10-12岁"
"45","芝麻与百合","7-9岁","7-9岁"
"46","文艺复兴","10-12岁","10-12岁"
"47","漫游东西世界","7-9岁","7-9岁"
"48","四季随笔","10-12岁","10-12岁"
"49","塞文山驴伴之旅","7-9岁","7-9岁"
"50","我的知识之路","10-12岁","10-12岁"
"51","我的童年","10-12岁","10-12岁"
"52","凯尔特的薄暮","10-12岁","10-12岁"
"53","小王子","7-9岁","7-9岁"
"54","鞋","7-9岁","7-9岁"
"55","迷人的侧影","10-12岁","10-12岁"
"56","生活的陀螺","10-12岁","10-12岁"
"57","新婚的姊妹们","10-12岁","10-12岁"
"58","城市佬","10-12岁","10-12岁"
"59","华而不实","10-12岁","10-12岁"
"60","二十年后","10-12岁","10-12岁"
"61","自然调节","10-12岁","10-12岁"
"62","回合之间","10-12岁","10-12岁"
"63","口信","10-12岁","10-12岁"
"64","托宾的手相","7-9岁","7-9岁"
"65","三叶草和棕榈树","7-9岁","7-9岁"
"66","爱的牺牲","10-12岁","10-12岁"
"67","一千美元","7-9岁","7-9岁"
"68","闪锌矿的卖主","7-9岁","7-9岁"
"69","黄狗自传","7-9岁","7-9岁"
"70","红酋长的赎金","7-9岁","7-9岁"
"71","绿门","10-12岁","10-12岁"
"72","带家具出租的房间","10-12岁","10-12岁"
"73","钟摆","10-12岁","10-12岁"
"74","警察与赞美诗","10-12岁","10-12岁"
"75","圣贤的礼物","7-9岁","7-9岁"
"76","失语漫游","10-12岁","10-12岁"
"77","丛林中的孩子","7-9岁","7-9岁"
"78","第五个车轮","7-9岁","7-9岁"
"79","姑娘和骗局","7-9岁","7-9岁"
"80","闪光的金子","7-9岁","7-9岁"
"81","诗人与乡巴佬","7-9岁","7-9岁"
"82","安宁的长袍","10-12岁","10-12岁"
"83","哈里发、丘比特和时钟","7-9岁","7-9岁"
"84","带天窗的房间","10-12岁","10-12岁"
"85","一个离奇的故事","7-9岁","7-9岁"
"86","与睡神抗争","7-9岁","7-9岁"
"87","恭贺佳节","10-12岁","10-12岁"
"88","同病相怜","10-12岁","10-12岁"
"89","决斗","10-12岁","10-12岁"
"90","最后的行吟诗人","10-12岁","10-12岁"
"91","最后的处方","10-12岁","10-12岁"
"92","沙姆罗克 乔尔摩斯历险记"
"93","“干谷”约翰逊的小阳春","10-12岁","10-12岁"
"94","公主与美洲狮","7-9岁","7-9岁"
"95","麦克的赎金","7-9岁","7-9岁"
"96","巴格达之鸡","7-9岁","7-9岁"
"97","哈里发和莽汉","7-9岁","7-9岁"
"98","带磨坊的教堂","10-12岁","10-12岁"
"99","复活日那天","7-9岁","7-9岁"
"100","姑娘与习惯","7-9岁","7-9岁"
"101","灵魂和摩天大楼","10-12岁","10-12岁"
"102","新天方夜谭","7-9岁","7-9岁"
"103","风险家","10-12岁","10-12岁"
"104","篝火旁的纽约","10-12岁","10-12岁"
"105","最后一片藤叶","10-12岁","10-12岁"
"106","瓶中手稿","10-12岁","10-12岁"
"107","绝境","10-12岁","10-12岁"
"108","言语的力量","10-12岁","10-12岁"
"109","骗术","10-12岁","10-12岁"
"110","跳蛙","7-9岁","7-9岁"
"111","同木乃伊对话","7-9岁","7-9岁"
"112","焦油博士和羽毛教授的疗法","10-12岁","10-12岁"
"113","眼镜","7-9岁","7-9岁"
"114","生意人","10-12岁","10-12岁"
"115","斯芬克司","7-9岁","7-9岁"
"116","钟楼里的魔鬼","7-9岁","7-9岁"
"117","气球骗局","10-12岁","10-12岁"
"118","一桶白葡萄酒","10-12岁","10-12岁"
"119","辛格姆 鲍勃先生的文学生涯"
"120","红死病魔的面具","7-9岁","7-9岁"
"121","一次电话交谈","7-9岁","7-9岁"
"122","威廉三世的肖像","10-12岁","10-12岁"
"123","躺在床上的危险","7-9岁","7-9岁"
"124","第一台打字机","10-12岁","10-12岁"
"125","时尚一例","10-12岁","10-12岁"
"126","历史重现","10-12岁","10-12岁"
"127","尊为奇人","10-12岁","10-12岁"
"128","中国人约翰在纽约","10-12岁","10-12岁"
"129","一只狗的故事","7-9岁","7-9岁"
"130","运气","10-12岁","10-12岁"
"131","竞选州长","10-12岁","10-12岁"
"132","科学对阵运气","10-12岁","10-12岁"
"133","殡仪员的闲谈","10-12岁","10-12岁"
"134","办公室里的讨厌鬼","10-12岁","10-12岁"
"135","饲养家禽","7-9岁","7-9岁"
"136","“两岁婴孩”的妙语","7-9岁","7-9岁"
"137","我的前参议员秘书生涯","10-12岁","10-12岁"
"138","圣经故事全景画家","10-12岁","10-12岁"
"139","经过修订的讣告","10-12岁","10-12岁"
"140","猎捕狡猾的火鸡","7-9岁","7-9岁"
"141","已故的本杰明 富兰克林"
"142","爱尔兰的“教派口号”","10-12岁","10-12岁"
"143","一位健康的老人","10-12岁","10-12岁"
"144","一次神秘的拜访","10-12岁","10-12岁"
"145","漫谈理发师","10-12岁","10-12岁"
"146","给小女孩的忠告","10-12岁","10-12岁"
"147","餐后致辞","10-12岁","10-12岁"
"148","一篇有趣的文章","10-12岁","10-12岁"
"149","诙谐自传","10-12岁","10-12岁"
"150","人生的五种恩赐","10-12岁","10-12岁"
"151","王子与贫儿","7-9岁","7-9岁"
"152","汤姆 索耶在国外"
"153","汤姆 索耶探案"
"154","棕色的沃尔夫","10-12岁","10-12岁"
"155","有伤疤的人","10-12岁","10-12岁"
"156","疑犯从宽","10-12岁","10-12岁"
"157","意外","10-12岁","10-12岁"
"158","在甲板的天棚下","10-12岁","10-12岁"
"159","强者的力量","10-12岁","10-12岁"
"160","太多金子","7-9岁","7-9岁"
"161","黄金谷","10-12岁","10-12岁"
"162","故事的结局","10-12岁","10-12岁"
"163","为赶路的人干杯","10-12岁","10-12岁"
"164","老头子同盟","10-12岁","10-12岁"
"165","克里斯 法林顿  一等水手"
"166","陈阿春","10-12岁","10-12岁"
"167","圆脸","10-12岁","10-12岁"
"168","老秃子","10-12岁","10-12岁"
"169","带翅膀的勒索信","10-12岁","10-12岁"
"170","终结","10-12岁","10-12岁"
"171","只是肉而已","10-12岁","10-12岁"
"172","叛逆者","10-12岁","10-12岁"
"173","杀人","10-12岁","10-12岁"
"174","爬上陡坡","10-12岁","10-12岁"
"175","两个骗子","10-12岁","10-12岁"
"176","在江户海湾","10-12岁","10-12岁"
"177","击退登船的人","10-12岁","10-12岁"
"178","远在他乡","10-12岁","10-12岁"
"179","女人的刚毅","10-12岁","10-12岁"
"180","丢脸先生","10-12岁","10-12岁"
"181","基斯，老基斯之子","10-12岁","10-12岁"
"182","在流口水病房里讲的故事","7-9岁","7-9岁"
"183","生活对我意味着什么","10-12岁","10-12岁"
"184","当世界还年轻的时候","10-12岁","10-12岁"
"185","英俊的船舱侍者","10-12岁","10-12岁"
"186","光脸熊","7-9岁","7-9岁"
"187","金光","10-12岁","10-12岁"
"188","莫基","10-12岁","10-12岁"
"189","世界公敌","10-12岁","10-12岁"
"190","形体的永恒","10-12岁","10-12岁"
"191","战争","10-12岁","10-12岁"
"192","歌利亚","10-12岁","10-12岁"
"193","以活下去为职责的人","10-12岁","10-12岁"
"194","那只斑点狗","7-9岁","7-9岁"
"195","酒后之勇","10-12岁","10-12岁"
"196","再见，杰克","7-9岁","7-9岁"
"197","热爱生命","10-12岁","10-12岁"
"198","北方的奥德赛","10-12岁","10-12岁"
"199","一块牛排","10-12岁","10-12岁"
"200","业余爱好者之夜","10-12岁","10-12岁"
"201","扶乩","10-12岁","10-12岁"
"202","当艾丽斯向上帝告解","10-12岁","10-12岁"
"203","拳头","10-12岁","10-12岁"
"204","唷！唷！唷！","10-12岁","10-12岁"
"205","空中冒险","10-12岁","10-12岁"
"206","纳姆－博克，不诚实的人","10-12岁","10-12岁"
"207","塞缪尔","10-12岁","10-12岁"
"208","森珀 艾德姆"
"209","胫骨骨骸","10-12岁","10-12岁"
"210","歧途末路","10-12岁","10-12岁"
"211","在塔斯曼的乌龟旁","10-12岁","10-12岁"
"212","像古代的阿格斯","10-12岁","10-12岁"
"213","拳赛","10-12岁","10-12岁"
"214","一千打","10-12岁","10-12岁"
"215","铁蹄","10-12岁","10-12岁"
"216","野性的呼唤","10-12岁","10-12岁"
"217","马丁 伊登"
"218","黑人渔夫萨姆历险记","7-9岁","7-9岁"
"219","魔鬼和汤姆 沃克"
"220","强盗首领的故事","7-9岁","7-9岁"
"221","年轻强盗的故事","7-9岁","7-9岁"
"222","神秘画像的奇遇","7-9岁","7-9岁"
"223","鬼门关","10-12岁","10-12岁"
"224","海盗基德","7-9岁","7-9岁"
"225","迟来的旅客","10-12岁","10-12岁"
"226","泰拉奇纳的旅店","7-9岁","7-9岁"
"227","波普金斯历险记","7-9岁","7-9岁"
"228","德国学生的奇遇","7-9岁","7-9岁"
"229","英国人历险记","7-9岁","7-9岁"
"230","矮小考古家的奇遇","7-9岁","7-9岁"
"231","神秘陌生人的奇遇","7-9岁","7-9岁"
"232","英国还是男人的国家吗","10-12岁","10-12岁"
"233","作画","10-12岁","10-12岁"
"234","回乡","10-12岁","10-12岁"
"235","真实的自我","10-12岁","10-12岁"
"236","性的魅力","10-12岁","10-12岁"
"237","墙上的那些画","10-12岁","10-12岁"
"238","被文明奴役","10-12岁","10-12岁"
"239","出人头地","10-12岁","10-12岁"
"240","诺丁汉矿乡杂记","7-9岁","7-9岁"
"241","白丝袜","10-12岁","10-12岁"
"242","生病的矿工","10-12岁","10-12岁"
"243","范妮与安妮","7-9岁","7-9岁"
"244","两只蓝鸟","7-9岁","7-9岁"
"245","洗礼","10-12岁","10-12岁"
"246","太阳","7-9岁","7-9岁"
"247","母与女","7-9岁","7-9岁"
"248","英格兰，我的英格兰","10-12岁","10-12岁"
"249","阿道夫","10-12岁","10-12岁"
"250","美妇人","10-12岁","10-12岁"
"251","吉米和绝望的女人","10-12岁","10-12岁"
"252","菊香","10-12岁","10-12岁"
"253","萨姆森和德莱拉","10-12岁","10-12岁"
"254","轮到她了","10-12岁","10-12岁"
"255","骑木马的优胜者","7-9岁","7-9岁"
"256","公主","7-9岁","7-9岁"
"257","春天的阴影","10-12岁","10-12岁"
"258","你摸了我","10-12岁","10-12岁"
"259","肉中刺","10-12岁","10-12岁"
"260","玫瑰花园里的暗影","10-12岁","10-12岁"
"261","狐狸","7-9岁","7-9岁"
"262","盲人","10-12岁","10-12岁"
"263","骑马而去的女子","10-12岁","10-12岁"
"264","格林童话（一）","7-9岁","7-9岁"
"265","伊索寓言（一）","7-9岁","7-9岁"
"266","伊索寓言（二）","7-9岁","7-9岁"
"267","伊索寓言（三）","7-9岁","7-9岁"
"268","伊索寓言（四）","7-9岁","7-9岁"
"269","伊索寓言（五）","7-9岁","7-9岁"
"270","年轻的古德曼 布朗"
"271","小水仙","7-9岁","7-9岁"
"272","客迈拉","7-9岁","7-9岁"
"273","西弗尔 埃瑟里奇"
"274","手稿中的魔鬼","7-9岁","7-9岁"
"275","古老的泰孔德罗加","10-12岁","10-12岁"
"276","石人","7-9岁","7-9岁"
"277","威廉 菲普斯爵士"
"278","遗孀","10-12岁","10-12岁"
"279","胎痣","10-12岁","10-12岁"
"280","坎特伯雷的朝圣者","10-12岁","10-12岁"
"281","蓓蕾和鸟鸣","7-9岁","7-9岁"
"282","三个金苹果","7-9岁","7-9岁"
"283","得了条明眼狗","7-9岁","7-9岁"
"284","度夏的人们","10-12岁","10-12岁"
"285","蝴蝶和坦克","7-9岁","7-9岁"
"286","越野滑雪","10-12岁","10-12岁"
"287","小小说","10-12岁","10-12岁"
"288","贵族之家","10-12岁","10-12岁"
"289","春潮","10-12岁","10-12岁"
"290","木木","10-12岁","10-12岁"
"291","罗亭","10-12岁","10-12岁"
"292","前夜","10-12岁","10-12岁"
"293","初恋","10-12岁","10-12岁"
"294","戈迪萨尔二世","7-9岁","7-9岁"
"295","红房子旅馆","7-9岁","7-9岁"
"296","神秘的杰作","7-9岁","7-9岁"
"297","新兵","10-12岁","10-12岁"
"298","菲尔米亚尼夫人","10-12岁","10-12岁"
"299","妇女研究","10-12岁","10-12岁"
"300","海滨惨剧","10-12岁","10-12岁"
"301","妇女再研究","10-12岁","10-12岁"
"302","长寿药水","7-9岁","7-9岁"
"303","老姑娘","7-9岁","7-9岁"
"304","发明家的苦难","10-12岁","10-12岁"
"305","古物陈列室","10-12岁","10-12岁"
"306","欧仁妮 葛朗台"
"307","公务员","10-12岁","10-12岁"
"308","婚约","10-12岁","10-12岁"
"309","高老头","10-12岁","10-12岁"
"310","莫黛斯特 米尼翁"
"311","夜阑","10-12岁","10-12岁"
"312","男爵","10-12岁","10-12岁"
"313","幸福","10-12岁","10-12岁"
"314","帕克妈妈的一生","10-12岁","10-12岁"
"315","一杯茶","10-12岁","10-12岁"
"316","鸽子先生和鸽子太太","7-9岁","7-9岁"
"317","雷金纳德的一天","7-9岁","7-9岁"
"318","唱歌课","7-9岁","7-9岁"
"319","画册的一页","7-9岁","7-9岁"
"320","陌生人","10-12岁","10-12岁"
"321","男爵夫人的妹妹","10-12岁","10-12岁"
"322","心理","10-12岁","10-12岁"
"323","花园茶会","10-12岁","10-12岁"
"324","女掌柜","10-12岁","10-12岁"
"325","欧洲文明：1648-1945"
"328","健康图书馆  外科对乳腺癌手术的贡献"
"329","健康图书馆  发疹，千万别抓它"
"336","健康图书馆  鼻整形术2009：鼻整形的审美及功能意义"
"338","健康图书馆  经导管治疗法用于主动脉瓣狭窄"
"353","健康图书馆  了解肠胃功能紊乱症"
"358","健康图书馆  肥厚性心肌病"
"359","健康图书馆  我们能够治愈常见的白血病吗"
"360","健康图书馆  乳腺癌风险与预防，诊断与治疗"
"361","健康图书馆  女性中风因素及其防治"
"362","健康图书馆  维持健康概说"
"363","健康图书馆  手术机器人：R2D2机器人会在未来出现吗"
"364","健康图书馆  更年期与荷尔蒙"
"365","健康图书馆  认知老化与阿耳茨海默氏病：跟性别有关"
"366","健康图书馆  腹主动脉瘤疾病：无声的杀手"
"367","健康图书馆  整形手术的发展"
"368","健康图书馆  认知水平随着年龄变化：何为标准"
"369","健康图书馆  老年人健康与保健：挑战与策略"
"370","健康图书馆  抑郁症，精神错乱，痴呆症"
"371","健康图书馆  嘶哑的主要原因以及治疗选择"
"372","健康图书馆  跑步损伤，预防与治疗"
"375","健康图书馆  脑刺激与慢性痛的关系"
"376","健康图书馆  视力退化"
"377","健康图书馆  肩关节不稳定症及肩关节僵硬症"
"378","健康图书馆  心跳加速:了解心律失常以及治疗方法"
"379","健康图书馆  儿科心脏病学的发展"
"380","健康图书馆  了解女性心血管疾病"
"381","健康图书馆  脊柱微创手术"
"382","健康图书馆  寻找乳腺癌的新疗法：研究与临床结合"
"383","健康图书馆  射波刀：癌症治疗新法"
"384","健康图书馆  对于癌症患者的生殖功能保卫战"
"385","健康图书馆  感受与治疗：压力的影响，支持对于癌症患者的作用"
"417","健康图书馆  治疗肥胖症：减肥手术"
"418","健康图书馆  缓解疼痛的妙方：瑜伽"
"419","健康图书馆  你的记忆力如何"
"420","健康图书馆  护肤101：从肥皂与水开始"
"421","健康图书馆  手指发麻与手臂疼痛"
"422","健康图书馆  腹腔疾病"
"423","健康图书馆  机器人手术用于癌症治疗"
"424","健康图书馆  了解心房纤维性颤动"
"426","健康图书馆  谁需要冠状动脉支架？应该怎么询问你的医生？"
"427","健康图书馆  肺气肿的外科疗法"
"429","健康图书馆  面部神经麻痹的当代外科疗法"
"430","健康图书馆  射波刀，癌症治疗新法"
"431","健康图书馆  肿瘤干细胞，癌症的源头"
"432","健康图书馆  淋巴水肿的新疗法"
"433","健康图书馆  解决杂食者的困境"
"434","健康图书馆  心脏手术微创法"
"435","健康图书馆  如何避免心脏疾病"
"436","健康图书馆  纤维性肌痛的最新资讯"
"437","健康图书馆  抽烟与咳嗽"
"438","健康图书馆  脚部老化"
"440","健康图书馆  基因测试遗传癌症风险"
"441","健康图书馆  乳房再造术的最新资讯"
"444","死亡"
"445","有关食物的心理学、生物学和政治学"
"446","健康图书馆  肝脏及胰腺微创手术"
"447","健康图书馆  盆底疾病"
"448","健康图书馆  静脉曲张新近改进疗法"
"449","健康图书馆  预防滑雪损伤"
"450","健康图书馆  征服鼻窦炎：诊断与治疗的新领域"
"451","健康图书馆  解决肩痛"
"452","健康图书馆  你知道吗？关于妇女癌症检查的争议"
"453","达洛维夫人","10-12岁","10-12岁"
"454","魔沼","7-9岁","7-9岁"
"455","一个自己的房间","10-12岁","10-12岁"
"456","笔杆子、画笔和毒药","10-12岁","10-12岁"
"457","内河航行记","7-9岁","7-9岁"
"458","彼得 潘"
"459","狐狸把戏","7-9岁","7-9岁"
"460","咖啡馆里的世界公民","10-12岁","10-12岁"
"461","一个纽约人的成长","7-9岁","7-9岁"
"462","使圆成方","10-12岁","10-12岁"
"463","两位感恩节的绅士","7-9岁","7-9岁"
"464","没有结局的故事"
"465","美人李婉","7-9岁","7-9岁"
"466","神灵微笑时","7-9岁","7-9岁"
"467","马普希的房子","10-12岁","10-12岁"
"468","一个老兵的故事","10-12岁","10-12岁"
"469","彩虹的尽头","7-9岁","7-9岁"
"470","麻风病人库鲁","7-9岁","7-9岁"
"471","胆小鬼，内戈雷","7-9岁","7-9岁"
"472","我姨妈的奇遇","7-9岁","7-9岁"
"473","沃尔弗特 韦伯或黄金梦"
"474","画家历险记","7-9岁","7-9岁"
"475","马贩子的女儿","7-9岁","7-9岁"
"476","大草原之旅","7-9岁","7-9岁"
"477","格林童话（二）","7-9岁","7-9岁"
"478","格林童话（三）","7-9岁","7-9岁"
"479","格林童话（四）","7-9岁","7-9岁"
"480","格林童话（五）","7-9岁","7-9岁"
"481","约翰 英格菲尔德的感恩节"
"482","一个好心人的奇迹","7-9岁","7-9岁"
"483","点金术","7-9岁","7-9岁"
"484","钟的传记"
"485","沙漠里的爱情"
"486","德卡迪央王妃的秘密"
"487","恐怖时期的一段插曲"
"488","人生如戏"
"489","女巫的面包"
"490","讲故事的艺术"
"491","法官逢“英勇少妇”"
"492","接受采访"
"493","华盛顿将军的贴身黑男仆"
"494","我的首次文学冒险"
"495","寡妇的抗议"
"496","在亚瑟王朝廷里的康涅狄格州美国人"
"497","在北部的森林里"
"498","执迷不悔的简"
"504","心理学导论"
"506","发展"
"508","财务会计与管理会计学"
"510","金融经济发展"
"513","实务领导"
"515","健康图书馆  关注少儿肥胖"
"517","健康图书馆  减肥手术的发展"
"519","健康图书馆  女性心脏健康"
"521","健康图书馆  心脏病与南亚裔人士"
"523","健康图书馆  对不起，你能再说一遍吗"
"525","健康图书馆  就像新的一样：牙种植体技术"
"527","健康图书馆  认识关节炎，追求好生活"
"529","健康图书馆  预防，诊断及治疗前列腺癌症"
"531","健康图书馆  了解骨关节炎及其疗法"
"532","金融市场"
"533","1871年后的法国"
"534","生物医学工程探索"
"535","古希腊历史简介"
"536","中国佛山研讨会"
"537","计算机科学及编程导论"
"538","媒体"
"539","博弈论"
"540","聆听音乐"
"541","为什么我们要走进宇宙  霍金教授于美国太空总署50周年的讲座"
"542","环境政治与法律"
"543","高级管理交流"
"544","学术机构的交流技巧"
"545","宏观与国际经济学"
"546","非裔美国：从解放黑奴到现在"
"547","品德心理学"
"548","政府的产业规制"
"549","天体物理学之探索和争议"
"550","美公务员放屁多遭训斥 老板爱雇什么样的员工？"
"551","英一夜情网站牛津女生多 剑桥大学发避孕套"
"552","奥巴马欲给妻子跳骑马舞 鸟叔《江南Style》登顶"
"553","日本推出3D胎儿模型 美国要送8万人上火星"
"554","法国封锁世界末日山 澳总理“力挺”末日论"
"555","查尔斯谈继位不耐烦 凯特王妃怀孕"
"556","我们为什么不能长生不老"
"557","肥胖来袭-医学健康系列"
"558","患者自白-《嗜书瘾君子》选摘"
"559","病症剖析-《嗜书瘾君子》选摘"
"560","自行检测-《嗜书瘾君子》选摘"
"561","书籍简史-《嗜书瘾君子》选摘"
"562","阅读小说时我们的意识在做什么-《天真的和感伤的小说家》选摘"
"564","月球上的“铅笔芯”-天文航天系列"
"565","贝克汉姆之子模特处女秀 日本女子迷恋白马王子游戏"
"567","2012谷歌搜索什么最火？奥巴马登顶福布斯权势人物榜"
"569","2012科技领域十大败笔 苹果地图获“指错路”奖"
"570","名字密码：名字决定命运 名字好读易升职？"
"571","女人恋爱学：闻汗识男人 三分钟定天子"
"572","全球人口增长问题"
"573","空气污染：导致智力下降？我们如何自保？"
"574","男人择偶观：以母亲为标准 人品重于贞节"
"575","灿烂千阳（试读）"
"576","美军第一狙击手（试读）"
"577","只是孩子（试读）"
"578","锅匠，裁缝，士兵，间谍（试读）"
"579","埃德加的故事（试读）"
"580","论利润"
"581","阅读魔力：古典文学提升智力 传统童话“少儿不宜”？"
"582","美丽新说：大脑里面遇见美 外貌协会他是谁？"
"583","领导特征：高个秃头左撇子？看美国总统的精神缺陷"
"584","奥巴马情史：热情又虚伪？前女友情书曝光"
"585","看恐怖片能减肥？五大匪夷所思之研究"
"586","彼岸故事：美国的感恩节与酒文化"
"587","陨石上发现了地外生命？“外星人”现形记"
"588","小说鉴赏(双语修订)(第3版)（试读）"
"589","走近华裔建筑大师：贝聿铭与林璎"
"591","了了（试读）"
"592","我生命的速度（试读）"
"593","非洲对女性的审美观"
"594","人生要有承担失去的勇气（试读）"
"595","你知道度假的真正益处吗？"
"596","骆驼移动图书馆（试读）"
"597","波斯少年（试读）"
"598","列侬回忆（试读）"
"599","当上帝是只兔子（试读）"
"600","外星生命的地球样本  2013“阅读季”特献"
"601","被偷走的人生（试读）"
"602","2013奥斯卡：史上最刻薄颁奖典礼"
"603","松林（英文试读）"
"604","近视究竟与什么有关？"
"605","“荒岛”精神之旅"
"606","“微博”书评报告：微博的力量有多大？  2013“阅读季”特献"
"607","数据挖掘"
"608","狗的冒险书（试读）"
"609","下辈子做猫吧（试读）"
"610","焦虑 现代人的蓝色秘密  2013“阅读季”特献"
"611","单身（试读）"
"612","社交网站引发的“羡慕嫉妒恨”"
"613","假装的艺术（试读）"
"614","玻璃村庄（试读）"
"615","华北雾霾或将伴随光化学烟雾"
"616","漫话三种着装风格流行的背后"
"617","浪游之歌（试读）"
"618","百鬼夜行：阴（试读）"
"619","2013年两会代表精彩语录双语集锦"
"620","寻找另一半的科学方法  2013“阅读季”特献"
"621","中国民间读书报刊一览  2013“阅读季”特献"
"622","漫谈三个影视作品中的女性形象"
"623","人物档案：歇洛克 福尔摩斯  2013“阅读季”特献"
"624","罗杰疑案（试读）"
"625","寓所谜案（试读）"
"626","斯泰尔斯庄园奇案（试读）"
"627","为了13亿人的中国梦：记中国国家主席、中央军委主席习近平"
"628","思考，快与慢（试读）"
"629","习惯的力量（试读）"
"630","白化士兵"
"631","萨塞克斯吸血鬼"
"632","空屋子"
"633","第二块血迹"
"634","四签名"
"635","恐怖谷"
"636","巴斯克维尔的猎犬"
"637","驼背男子"
"638","最后一案"
"639","红发俱乐部"
"640","铜色山毛榉"
"641","绿宝石王冠"
"642","红圈会"
"643","布鲁斯-帕廷顿图纸"
"644","福尔摩斯谢幕演出"
"645","垃圾食品的科学:垃圾食品为什么让人欲罢不能？"
"646","雷神桥谜案"
"647","波希米亚丑闻"
"648","白额闪电"
"649","暗红习作"
"650","剪影美利坚：美国高中生独有的校园情结"
"651","数字时代至死三部曲：读《娱乐至死》、《网络至死》、《网民的狂欢》  2013“阅读季”特献"
"652","时间回旋（试读）"
"654","阅读邻居：北上广书评媒体一览"
"655","提姆 哈福德: 试验，排除错误和万能神力"
"656","詹姆斯 卡梅隆：《阿凡达》之前的好奇小男孩"
"657","大脑暗能量  2013“阅读季”特献"
"658","伦敦塔集雨人（试读）"
"659","有7000多种语言，就有7000多个“平行世界”"
"660","佛教常识答问（试读）"
"661","他人的心事：读《我的父亲罗孚》、《北京十年》  2013“阅读季”特献"
"662","江村经济（试读）"
"663","当一种语言消亡的时候  2013“阅读季”特献"
"664","守门员面对罚点球时的焦虑（试读）"
"665","哈佛幸福课（试读）"
"666","中国文明的开始（试读）"
"667","中国经济改革发展之路（试读）"
"668","世界城市之最：最脏、最帅、最贵、最宜居城市出炉"
"669","这个世界会好吗（试读）"
"670","论面相与健康  2013“阅读季”特献"
"671","走近华裔体育明星：篮球黑马林书豪、花滑传奇关颖珊"
"672","城市形象：媒体在城市设计和发展中的地位"
"673","定价策略"
"674","毒品、政治和文化"
"675","他说他的 她说她的：两性语言研究    2013“阅读季”特献"
"676","故乡书情：和故乡有关的30本书  2013“阅读季”特献"
"677","中国士绅（试读）"
"678","从生命里过滤语言：读《斯坦纳回忆录：审视后的生命》 2013“阅读季”特献"
"679","清醒思考的艺术（试读）"
"680","世界评价撒切尔夫人"
"681","斯皮尔伯格传（试读）"
"682","黑蜥蜴（试读）"
"683","你能用太阳能做什么？"
"684","揭穿大众心理学骗局  2013“阅读季”特献"
"685","四种爱（试读）"
"686","人类的行为真的可以预测吗：读《爆发》、《大数据》  2013“阅读季”特献"
"687","剪影美利坚：美国高中生独有的社交生活"
"688","存在主义简论"
"689","《圣经》纵览"
"690","八大重量级“书痴”的阅读书单  2013“阅读季”特献"
"691","霍金：我的简史"
"692","12件事颠覆未来  2013“阅读季”特献"
"693","食品的营养与安全误区"
"694","异域美食之旅：美国三大传统美食与历史渊源"
"695","揭秘“维基解密”创始人：朱利安 阿桑奇  2013“阅读季”特献"
"696","你可以幸福（试读）"
"697","第三大道这间酒馆（试读）"
"698","书店巡礼：世界各国书店风景一览  2013“阅读季”特献"
"699","四种爱"
"700","潜意识：控制你行为的秘密（试读）"
"701","书店巡礼：特色书店的前世与今生 2013“阅读季”特献"
