title,isbn,category,age
宝莲灯,book_dh46_001,童话故事,4-6岁
除夕的故事,book_dh46_002,童话故事,4-6岁
大闹天宫,book_dh46_003,童话故事,4-6岁
好猫咪咪,book_dh46_004,儿童绘本,4-6岁
金猴降妖,book_dh46_005,童话故事,4-6岁
九色鹿,book_dh46_006,童话故事,4-6岁
哪吒闹海,book_dh46_007,童话故事,4-6岁
三个和尚,book_dh46_008,儿童绘本,4-6岁
天书奇谭,book_dh46_009,童话故事,4-6岁
小鲤鱼跳龙门,book_dh46_010,儿童绘本,4-6岁
小熊猫学木匠,book_dh46_011,儿童绘本,4-6岁
猪八戒吃西瓜,book_dh46_012,儿童绘本,4-6岁
黑猫警长之吃红土的小偷,book_dh79_013,儿童绘本,7-9岁
黑猫警长之吃丈夫的螳螂,book_dh79_014,儿童绘本,7-9岁
黑猫警长之会吃猫的舅舅,book_dh79_015,儿童绘本,7-9岁
黑猫警长之空中擒敌,book_dh79_016,儿童绘本,7-9岁
黑猫警长之痛歼搬仓鼠,book_dh79_017,儿童绘本,7-9岁
葫芦兄弟(1)(神峰奇遇),book_dh79_018,童话故事,7-9岁
葫芦兄弟(2)(钢筋铁骨),book_dh79_019,童话故事,7-9岁
葫芦兄弟(3)(水火奇功),book_dh79_020,童话故事,7-9岁
葫芦兄弟(4)(七子连心),book_dh79_021,童话故事,7-9岁
舒克和贝塔-大战海盗,book_dh79_022,儿童绘本,7-9岁
舒克和贝塔-克里斯王国,book_dh79_023,儿童绘本,7-9岁
舒克和贝塔-人鼠之战,book_dh79_024,儿童绘本,7-9岁